Month,School,Grade,Regular Program,Bilingual Served,Spec. Ed. Served,Male,Female,Non-Binary,Total Student Count,P223 Total Count,P223 Total FTE
2023-05,Ballard,9,314.0,6.0,52.0,201.0,156.0,12.0,369.0,369.0,368.46
2023-05,Ballard,10,356.0,12.0,66.0,220.0,202.0,8.0,430.0,430.0,426.74
2023-05,Ballard,11,346.0,11.0,43.0,199.0,194.0,4.0,397.0,386.0,368.3
2023-05,Ballard,12,335.0,8.0,52.0,216.0,170.0,8.0,394.0,375.0,351.68
2023-05,Cleveland STEM,9,188.0,28.0,28.0,135.0,99.0,0.0,234.0,234.0,234.0
2023-05,Cleveland STEM,10,196.0,24.0,17.0,133.0,98.0,1.0,232.0,232.0,231.05
2023-05,Cleveland STEM,11,189.0,22.0,13.0,103.0,113.0,1.0,217.0,195.0,170.49
2023-05,Cleveland STEM,12,187.0,15.0,24.0,118.0,97.0,1.0,216.0,182.0,150.81
2023-05,Franklin,9,156.0,62.0,38.0,116.0,121.0,2.0,239.0,239.0,237.58
2023-05,Franklin,10,230.0,76.0,36.0,166.0,160.0,3.0,329.0,329.0,327.75
2023-05,Franklin,11,210.0,71.0,37.0,160.0,142.0,1.0,303.0,286.0,259.57
2023-05,Franklin,12,227.0,103.0,34.0,175.0,172.0,1.0,348.0,314.0,257.0
2023-05,Garfield,9,297.0,31.0,46.0,192.0,164.0,6.0,362.0,362.0,362.0
2023-05,Garfield,10,366.0,25.0,34.0,225.0,186.0,10.0,421.0,421.0,418.74
2023-05,Garfield,11,332.0,31.0,43.0,197.0,196.0,7.0,400.0,384.0,345.39
2023-05,Garfield,12,362.0,28.0,37.0,212.0,206.0,3.0,421.0,380.0,331.88
2023-05,Lincoln,9,427.0,6.0,46.0,269.0,200.0,8.0,477.0,477.0,476.79
2023-05,Lincoln,10,348.0,15.0,47.0,235.0,165.0,8.0,408.0,408.0,406.86
2023-05,Lincoln,11,342.0,14.0,28.0,202.0,166.0,15.0,383.0,378.0,359.78
2023-05,Lincoln,12,336.0,11.0,34.0,211.0,164.0,5.0,380.0,368.0,351.38
2023-05,Roosevelt,9,304.0,18.0,44.0,176.0,177.0,3.0,356.0,356.0,354.69
2023-05,Roosevelt,10,332.0,17.0,39.0,187.0,187.0,8.0,382.0,382.0,378.81
2023-05,Roosevelt,11,342.0,9.0,39.0,181.0,203.0,2.0,386.0,371.0,342.24
2023-05,Roosevelt,12,343.0,7.0,36.0,205.0,178.0,2.0,385.0,365.0,335.45
2023-05,Chief Sealth International,9,207.0,65.0,45.0,144.0,154.0,4.0,302.0,302.0,302.0
2023-05,Chief Sealth International,10,206.0,51.0,59.0,173.0,120.0,5.0,298.0,298.0,296.37
2023-05,Chief Sealth International,11,197.0,55.0,52.0,155.0,126.0,3.0,284.0,240.0,218.02
2023-05,Chief Sealth International,12,233.0,70.0,46.0,175.0,161.0,2.0,338.0,266.0,235.48
2023-05,West Seattle,9,292.0,4.0,57.0,185.0,158.0,8.0,351.0,351.0,350.09
2023-05,West Seattle,10,312.0,14.0,44.0,199.0,163.0,7.0,369.0,369.0,366.62
2023-05,West Seattle,11,247.0,12.0,36.0,164.0,126.0,4.0,294.0,291.0,274.25
2023-05,West Seattle,12,272.0,10.0,30.0,163.0,140.0,4.0,307.0,280.0,235.55
2023-05,Ingraham,9,280.0,37.0,67.0,198.0,168.0,3.0,369.0,369.0,368.17
2023-05,Ingraham,10,269.0,45.0,55.0,192.0,161.0,6.0,359.0,359.0,357.68
2023-05,Ingraham,11,266.0,43.0,57.0,149.0,200.0,7.0,356.0,345.0,321.94
2023-05,Ingraham,12,271.0,39.0,48.0,190.0,151.0,7.0,348.0,314.0,262.28
2023-05,Rainier Beach,9,126.0,55.0,31.0,103.0,97.0,1.0,201.0,201.0,201.0
2023-05,Rainier Beach,10,128.0,44.0,27.0,103.0,90.0,0.0,193.0,193.0,193.0
2023-05,Rainier Beach,11,105.0,48.0,19.0,82.0,80.0,2.0,164.0,155.0,140.54
2023-05,Rainier Beach,12,122.0,70.0,27.0,110.0,101.0,0.0,211.0,193.0,163.1
2023-05,Nathan Hale,9,235.0,31.0,56.0,164.0,143.0,6.0,313.0,313.0,311.61
2023-05,Nathan Hale,10,199.0,29.0,53.0,153.0,112.0,7.0,272.0,272.0,271.23
2023-05,Nathan Hale,11,199.0,26.0,36.0,143.0,108.0,3.0,254.0,245.0,232.69
2023-05,Nathan Hale,12,210.0,18.0,21.0,128.0,114.0,5.0,247.0,235.0,199.69
2023-05,NOVA,9,33.0,3.0,17.0,17.0,19.0,16.0,52.0,52.0,51.25
2023-05,NOVA,10,38.0,1.0,17.0,21.0,23.0,12.0,56.0,56.0,54.16
2023-05,NOVA,11,53.0,1.0,19.0,30.0,32.0,11.0,73.0,73.0,67.49
2023-05,NOVA,12,48.0,1.0,17.0,22.0,36.0,7.0,65.0,65.0,62.45
2023-05,Center School,9,50.0,0.0,9.0,15.0,32.0,12.0,59.0,59.0,58.81
2023-05,Center School,10,28.0,1.0,15.0,15.0,24.0,5.0,44.0,44.0,43.53
2023-05,Center School,11,37.0,1.0,13.0,23.0,26.0,2.0,51.0,49.0,43.6
2023-05,Center School,12,50.0,0.0,20.0,35.0,31.0,4.0,70.0,62.0,39.99
2023-05,Denny International,6,162.0,58.0,54.0,150.0,108.0,2.0,260.0,260.0,260.0
2023-05,Denny International,7,160.0,71.0,50.0,129.0,133.0,1.0,263.0,263.0,262.95
2023-05,Denny International,8,196.0,55.0,49.0,151.0,129.0,1.0,281.0,281.0,280.2
2023-05,Eckstein,6,283.0,14.0,40.0,155.0,176.0,1.0,332.0,332.0,332.0
2023-05,Eckstein,7,295.0,15.0,32.0,176.0,163.0,2.0,341.0,341.0,338.46
2023-05,Eckstein,8,325.0,15.0,40.0,190.0,181.0,6.0,377.0,377.0,376.29
2023-05,Hamilton International,6,250.0,14.0,48.0,163.0,142.0,4.0,309.0,309.0,309.0
2023-05,Hamilton International,7,245.0,11.0,22.0,144.0,124.0,8.0,276.0,276.0,275.06
2023-05,Hamilton International,8,305.0,6.0,32.0,172.0,165.0,4.0,341.0,341.0,338.23
2023-05,Jane Addams,6,192.0,44.0,62.0,143.0,136.0,5.0,284.0,284.0,284.0
2023-05,Jane Addams,7,235.0,26.0,31.0,144.0,138.0,4.0,286.0,286.0,286.0
2023-05,Jane Addams,8,240.0,25.0,52.0,162.0,139.0,10.0,311.0,311.0,309.37
2023-05,Madison,6,269.0,19.0,46.0,155.0,172.0,3.0,330.0,330.0,330.0
2023-05,Madison,7,273.0,12.0,37.0,177.0,140.0,4.0,321.0,321.0,320.82
2023-05,Madison,8,276.0,17.0,51.0,190.0,142.0,5.0,337.0,337.0,335.78
2023-05,Meany,6,126.0,21.0,25.0,92.0,77.0,1.0,170.0,170.0,170.0
2023-05,Meany,7,115.0,27.0,22.0,81.0,80.0,0.0,161.0,161.0,161.0
2023-05,Meany,8,123.0,19.0,30.0,95.0,71.0,5.0,171.0,171.0,170.84
2023-05,Mercer International,6,135.0,64.0,31.0,116.0,100.0,1.0,217.0,217.0,217.0
2023-05,Mercer International,7,182.0,73.0,38.0,136.0,135.0,0.0,271.0,271.0,271.0
2023-05,Mercer International,8,253.0,85.0,48.0,175.0,189.0,2.0,366.0,366.0,365.95
2023-05,Robert Eagle Staff,6,159.0,22.0,46.0,107.0,109.0,4.0,220.0,220.0,220.0
2023-05,Robert Eagle Staff,7,170.0,18.0,40.0,104.0,117.0,2.0,223.0,223.0,222.92
2023-05,Robert Eagle Staff,8,181.0,29.0,42.0,103.0,132.0,6.0,241.0,241.0,240.36
2023-05,Whitman,6,175.0,4.0,26.0,106.0,97.0,2.0,205.0,205.0,205.0
2023-05,Whitman,7,200.0,7.0,31.0,117.0,110.0,8.0,235.0,235.0,233.99
2023-05,Whitman,8,197.0,8.0,35.0,138.0,93.0,6.0,237.0,237.0,235.55
2023-05,Washington,6,119.0,50.0,37.0,94.0,95.0,5.0,194.0,194.0,193.1
2023-05,Washington,7,116.0,40.0,26.0,92.0,77.0,3.0,172.0,172.0,171.88
2023-05,Washington,8,145.0,30.0,21.0,104.0,83.0,2.0,189.0,189.0,188.15
2023-05,McClure,6,115.0,14.0,22.0,76.0,72.0,1.0,149.0,149.0,149.0
2023-05,McClure,7,117.0,6.0,22.0,76.0,63.0,5.0,144.0,144.0,144.0
2023-05,McClure,8,113.0,5.0,18.0,73.0,59.0,3.0,135.0,135.0,134.81
2023-05,Aki Kurose,6,181.0,78.0,54.0,156.0,127.0,3.0,286.0,286.0,286.0
2023-05,Aki Kurose,7,184.0,77.0,42.0,160.0,131.0,2.0,293.0,293.0,292.66
2023-05,Aki Kurose,8,121.0,61.0,34.0,109.0,90.0,2.0,201.0,201.0,201.0
2023-05,Adams,K,39.0,0.0,2.0,23.0,18.0,0.0,41.0,41.0,41.0
2023-05,Adams,1,45.0,9.0,5.0,31.0,28.0,0.0,59.0,59.0,59.0
2023-05,Adams,2,41.0,2.0,4.0,22.0,25.0,0.0,47.0,47.0,46.07
2023-05,Adams,3,38.0,3.0,14.0,32.0,20.0,2.0,54.0,54.0,54.0
2023-05,Adams,4,48.0,2.0,9.0,32.0,25.0,0.0,57.0,57.0,57.0
2023-05,Adams,5,49.0,4.0,12.0,36.0,28.0,1.0,65.0,65.0,65.0
2023-05,Alki,K,37.0,4.0,2.0,22.0,21.0,0.0,43.0,43.0,43.0
2023-05,Alki,1,36.0,4.0,7.0,21.0,25.0,1.0,47.0,47.0,47.0
2023-05,Alki,2,42.0,1.0,6.0,24.0,25.0,0.0,49.0,49.0,49.0
2023-05,Alki,3,38.0,2.0,11.0,20.0,30.0,0.0,50.0,50.0,50.0
2023-05,Alki,4,38.0,3.0,12.0,32.0,21.0,0.0,53.0,53.0,53.0
2023-05,Alki,5,47.0,1.0,9.0,32.0,24.0,1.0,57.0,57.0,57.0
2023-05,Arbor Heights,Preschool,23.0,0.0,13.0,15.0,21.0,0.0,36.0,0.0,0.0
2023-05,Arbor Heights,K,72.0,2.0,12.0,44.0,42.0,0.0,86.0,86.0,86.0
2023-05,Arbor Heights,1,67.0,5.0,13.0,42.0,42.0,0.0,84.0,84.0,84.0
2023-05,Arbor Heights,2,56.0,3.0,10.0,37.0,31.0,0.0,68.0,68.0,68.0
2023-05,Arbor Heights,3,71.0,4.0,14.0,50.0,37.0,0.0,87.0,87.0,87.0
2023-05,Arbor Heights,4,64.0,7.0,14.0,34.0,49.0,0.0,83.0,83.0,83.0
2023-05,Arbor Heights,5,54.0,4.0,17.0,36.0,38.0,0.0,74.0,74.0,74.0
2023-05,Daniel Bagley,K,42.0,3.0,7.0,29.0,21.0,1.0,51.0,51.0,51.0
2023-05,Daniel Bagley,1,42.0,10.0,7.0,33.0,26.0,0.0,59.0,59.0,59.0
2023-05,Daniel Bagley,2,30.0,3.0,8.0,19.0,22.0,0.0,41.0,41.0,41.0
2023-05,Daniel Bagley,3,46.0,7.0,18.0,38.0,30.0,1.0,69.0,69.0,69.0
2023-05,Daniel Bagley,4,37.0,8.0,13.0,32.0,25.0,0.0,57.0,57.0,57.0
2023-05,Daniel Bagley,5,34.0,5.0,13.0,28.0,22.0,0.0,50.0,50.0,50.0
2023-05,Beacon Hill International,K,27.0,29.0,7.0,26.0,29.0,2.0,57.0,57.0,57.0
2023-05,Beacon Hill International,1,24.0,26.0,9.0,24.0,28.0,1.0,53.0,53.0,53.0
2023-05,Beacon Hill International,2,26.0,28.0,7.0,26.0,31.0,0.0,57.0,57.0,57.0
2023-05,Beacon Hill International,3,24.0,27.0,10.0,36.0,22.0,0.0,58.0,58.0,58.0
2023-05,Beacon Hill International,4,27.0,37.0,7.0,34.0,32.0,0.0,66.0,66.0,66.0
2023-05,Beacon Hill International,5,28.0,22.0,2.0,28.0,24.0,0.0,52.0,52.0,52.0
2023-05,Martin Luther King Jr,Preschool,20.0,0.0,14.0,18.0,16.0,0.0,34.0,0.0,0.0
2023-05,Martin Luther King Jr,K,27.0,18.0,4.0,23.0,25.0,0.0,48.0,48.0,48.0
2023-05,Martin Luther King Jr,1,21.0,21.0,3.0,23.0,20.0,0.0,43.0,43.0,43.0
2023-05,Martin Luther King Jr,2,17.0,20.0,10.0,23.0,20.0,0.0,43.0,43.0,43.0
2023-05,Martin Luther King Jr,3,18.0,24.0,5.0,19.0,25.0,0.0,44.0,44.0,44.0
2023-05,Martin Luther King Jr,4,22.0,21.0,3.0,27.0,18.0,0.0,45.0,45.0,45.0
2023-05,Martin Luther King Jr,5,20.0,11.0,3.0,15.0,19.0,0.0,34.0,34.0,34.0
2023-05,Broadview-Thomson K-8,Preschool,38.0,0.0,21.0,27.0,32.0,0.0,59.0,0.0,0.0
2023-05,Broadview-Thomson K-8,K,46.0,21.0,7.0,31.0,40.0,0.0,71.0,71.0,71.0
2023-05,Broadview-Thomson K-8,1,47.0,18.0,7.0,34.0,35.0,1.0,70.0,70.0,70.0
2023-05,Broadview-Thomson K-8,2,34.0,24.0,16.0,35.0,35.0,0.0,70.0,70.0,70.0
2023-05,Broadview-Thomson K-8,3,42.0,21.0,12.0,38.0,35.0,0.0,73.0,73.0,73.0
2023-05,Broadview-Thomson K-8,4,38.0,24.0,10.0,29.0,38.0,2.0,69.0,69.0,69.0
2023-05,Broadview-Thomson K-8,5,25.0,11.0,10.0,25.0,18.0,1.0,44.0,44.0,44.0
2023-05,Broadview-Thomson K-8,6,32.0,7.0,9.0,20.0,25.0,1.0,46.0,46.0,46.0
2023-05,Broadview-Thomson K-8,7,25.0,6.0,6.0,17.0,18.0,0.0,35.0,35.0,35.0
2023-05,Broadview-Thomson K-8,8,19.0,4.0,12.0,23.0,11.0,0.0,34.0,34.0,33.2
2023-05,Bryant,K,86.0,5.0,1.0,45.0,46.0,1.0,92.0,92.0,91.1
2023-05,Bryant,1,79.0,5.0,7.0,45.0,44.0,1.0,90.0,90.0,90.0
2023-05,Bryant,2,62.0,4.0,6.0,35.0,37.0,0.0,72.0,72.0,71.1
2023-05,Bryant,3,71.0,5.0,5.0,41.0,39.0,0.0,80.0,80.0,80.0
2023-05,Bryant,4,64.0,4.0,5.0,46.0,26.0,1.0,73.0,73.0,72.05
2023-05,Bryant,5,73.0,1.0,5.0,39.0,40.0,0.0,79.0,79.0,78.08
2023-05,Cedar Park,Preschool,36.0,0.0,4.0,17.0,23.0,0.0,40.0,0.0,0.0
2023-05,Cedar Park,K,22.0,11.0,4.0,17.0,18.0,0.0,35.0,35.0,35.0
2023-05,Cedar Park,1,30.0,8.0,1.0,23.0,16.0,0.0,39.0,39.0,39.0
2023-05,Cedar Park,2,24.0,8.0,3.0,12.0,22.0,1.0,35.0,35.0,35.0
2023-05,Cedar Park,3,33.0,4.0,4.0,21.0,19.0,1.0,41.0,41.0,41.0
2023-05,Cedar Park,4,32.0,4.0,1.0,18.0,19.0,0.0,37.0,37.0,37.0
2023-05,Cedar Park,5,17.0,0.0,4.0,7.0,12.0,2.0,21.0,21.0,21.0
2023-05,Coe,K,77.0,6.0,8.0,41.0,49.0,0.0,90.0,90.0,90.0
2023-05,Coe,1,62.0,8.0,9.0,43.0,35.0,0.0,78.0,78.0,78.0
2023-05,Coe,2,54.0,5.0,12.0,35.0,34.0,0.0,69.0,69.0,69.0
2023-05,Coe,3,56.0,6.0,18.0,36.0,43.0,0.0,79.0,79.0,79.0
2023-05,Coe,4,55.0,1.0,11.0,28.0,38.0,0.0,66.0,66.0,66.0
2023-05,Coe,5,64.0,2.0,12.0,37.0,41.0,0.0,78.0,78.0,78.0
2023-05,Thurgood Marshall,Preschool,4.0,0.0,19.0,14.0,9.0,0.0,23.0,0.0,0.0
2023-05,Thurgood Marshall,K,50.0,12.0,10.0,31.0,36.0,0.0,67.0,67.0,67.0
2023-05,Thurgood Marshall,1,41.0,13.0,8.0,26.0,31.0,0.0,57.0,57.0,57.0
2023-05,Thurgood Marshall,2,40.0,13.0,9.0,25.0,34.0,1.0,60.0,60.0,60.0
2023-05,Thurgood Marshall,3,57.0,9.0,21.0,56.0,28.0,1.0,85.0,85.0,85.0
2023-05,Thurgood Marshall,4,72.0,12.0,24.0,55.0,48.0,0.0,103.0,103.0,103.0
2023-05,Thurgood Marshall,5,72.0,7.0,10.0,51.0,35.0,2.0,88.0,88.0,88.0
2023-05,Concord International,Preschool,13.0,0.0,5.0,14.0,4.0,0.0,18.0,0.0,0.0
2023-05,Concord International,K,24.0,28.0,7.0,27.0,27.0,0.0,54.0,54.0,54.0
2023-05,Concord International,1,24.0,22.0,0.0,20.0,26.0,0.0,46.0,46.0,46.0
2023-05,Concord International,2,17.0,29.0,6.0,20.0,27.0,0.0,47.0,47.0,47.0
2023-05,Concord International,3,19.0,18.0,9.0,24.0,17.0,0.0,41.0,41.0,41.0
2023-05,Concord International,4,21.0,29.0,10.0,26.0,26.0,0.0,52.0,52.0,52.0
2023-05,Concord International,5,23.0,13.0,7.0,13.0,29.0,0.0,42.0,42.0,42.0
2023-05,B.F. Day,Preschool,23.0,0.0,12.0,19.0,16.0,0.0,35.0,0.0,0.0
2023-05,B.F. Day,K,52.0,5.0,5.0,33.0,28.0,1.0,62.0,62.0,62.0
2023-05,B.F. Day,1,49.0,5.0,7.0,24.0,36.0,0.0,60.0,60.0,60.0
2023-05,B.F. Day,2,49.0,7.0,10.0,37.0,27.0,0.0,64.0,64.0,64.0
2023-05,B.F. Day,3,67.0,10.0,13.0,45.0,41.0,1.0,87.0,87.0,87.0
2023-05,B.F. Day,4,39.0,2.0,7.0,21.0,26.0,1.0,48.0,48.0,48.0
2023-05,B.F. Day,5,29.0,4.0,8.0,23.0,17.0,0.0,40.0,40.0,40.0
2023-05,Dunlap,Preschool,40.0,0.0,29.0,36.0,33.0,0.0,69.0,0.0,0.0
2023-05,Dunlap,K,22.0,18.0,0.0,21.0,19.0,0.0,40.0,40.0,40.0
2023-05,Dunlap,1,16.0,12.0,4.0,17.0,14.0,0.0,31.0,31.0,31.0
2023-05,Dunlap,2,13.0,18.0,6.0,21.0,14.0,0.0,35.0,35.0,35.0
2023-05,Dunlap,3,20.0,30.0,8.0,27.0,28.0,0.0,55.0,55.0,55.0
2023-05,Dunlap,4,21.0,21.0,0.0,21.0,21.0,0.0,42.0,42.0,42.0
2023-05,Dunlap,5,20.0,10.0,1.0,14.0,17.0,0.0,31.0,31.0,31.0
2023-05,Graham Hill,K,26.0,21.0,11.0,28.0,28.0,0.0,56.0,56.0,56.0
2023-05,Graham Hill,1,22.0,12.0,1.0,19.0,15.0,0.0,34.0,34.0,34.0
2023-05,Graham Hill,2,14.0,19.0,7.0,22.0,15.0,0.0,37.0,37.0,37.0
2023-05,Graham Hill,3,26.0,24.0,11.0,34.0,20.0,0.0,54.0,54.0,54.0
2023-05,Graham Hill,4,20.0,18.0,6.0,23.0,17.0,0.0,40.0,40.0,40.0
2023-05,Graham Hill,5,21.0,17.0,6.0,27.0,15.0,0.0,42.0,42.0,42.0
2023-05,Emerson,Preschool,20.0,0.0,0.0,7.0,13.0,0.0,20.0,0.0,0.0
2023-05,Emerson,K,31.0,23.0,12.0,33.0,29.0,0.0,62.0,62.0,62.0
2023-05,Emerson,1,32.0,20.0,5.0,15.0,41.0,0.0,56.0,56.0,56.0
2023-05,Emerson,2,20.0,22.0,11.0,27.0,22.0,0.0,49.0,49.0,49.0
2023-05,Emerson,3,22.0,22.0,11.0,26.0,25.0,0.0,51.0,51.0,51.0
2023-05,Emerson,4,20.0,21.0,11.0,26.0,23.0,1.0,50.0,50.0,50.0
2023-05,Emerson,5,12.0,23.0,10.0,17.0,23.0,0.0,40.0,40.0,40.0
2023-05,Fairmount Park,Preschool,2.0,0.0,22.0,19.0,5.0,0.0,24.0,0.0,0.0
2023-05,Fairmount Park,K,55.0,3.0,5.0,32.0,31.0,0.0,63.0,63.0,62.66
2023-05,Fairmount Park,1,59.0,9.0,4.0,36.0,36.0,0.0,72.0,72.0,72.0
2023-05,Fairmount Park,2,44.0,3.0,7.0,30.0,24.0,0.0,54.0,54.0,54.0
2023-05,Fairmount Park,3,46.0,4.0,15.0,36.0,28.0,1.0,65.0,65.0,65.0
2023-05,Fairmount Park,4,54.0,3.0,17.0,36.0,38.0,0.0,74.0,74.0,74.0
2023-05,Fairmount Park,5,74.0,4.0,15.0,37.0,56.0,0.0,93.0,93.0,93.0
2023-05,Gatewood,K,55.0,2.0,3.0,28.0,32.0,0.0,60.0,60.0,60.0
2023-05,Gatewood,1,58.0,1.0,3.0,32.0,30.0,0.0,62.0,62.0,62.0
2023-05,Gatewood,2,51.0,4.0,9.0,31.0,32.0,1.0,64.0,64.0,64.0
2023-05,Gatewood,3,49.0,1.0,12.0,36.0,26.0,0.0,62.0,62.0,62.0
2023-05,Gatewood,4,46.0,3.0,5.0,29.0,24.0,0.0,53.0,53.0,53.0
2023-05,Gatewood,5,54.0,2.0,7.0,33.0,29.0,1.0,63.0,63.0,63.0
2023-05,Gatzert,Preschool,26.0,0.0,8.0,18.0,15.0,1.0,34.0,0.0,0.0
2023-05,Gatzert,K,28.0,23.0,3.0,20.0,32.0,1.0,53.0,53.0,53.0
2023-05,Gatzert,1,33.0,31.0,12.0,38.0,34.0,0.0,72.0,72.0,72.0
2023-05,Gatzert,2,23.0,21.0,8.0,26.0,22.0,0.0,48.0,48.0,48.0
2023-05,Gatzert,3,20.0,23.0,8.0,24.0,25.0,0.0,49.0,49.0,49.0
2023-05,Gatzert,4,30.0,25.0,11.0,32.0,27.0,0.0,59.0,59.0,59.0
2023-05,Gatzert,5,23.0,21.0,18.0,25.0,29.0,0.0,54.0,54.0,54.0
2023-05,Green Lake,Preschool,0.0,0.0,5.0,3.0,2.0,0.0,5.0,0.0,0.0
2023-05,Green Lake,K,50.0,7.0,5.0,23.0,39.0,0.0,62.0,62.0,62.0
2023-05,Green Lake,1,45.0,10.0,7.0,33.0,27.0,1.0,61.0,61.0,61.0
2023-05,Green Lake,2,28.0,7.0,11.0,21.0,22.0,0.0,43.0,43.0,43.0
2023-05,Green Lake,3,35.0,10.0,13.0,33.0,23.0,0.0,56.0,56.0,56.0
2023-05,Green Lake,4,34.0,9.0,9.0,28.0,24.0,0.0,52.0,52.0,52.0
2023-05,Green Lake,5,45.0,4.0,12.0,30.0,31.0,0.0,61.0,61.0,61.0
2023-05,Greenwood,Preschool,0.0,0.0,21.0,15.0,6.0,0.0,21.0,0.0,0.0
2023-05,Greenwood,K,69.0,3.0,4.0,42.0,34.0,0.0,76.0,76.0,75.79
2023-05,Greenwood,1,45.0,2.0,10.0,33.0,24.0,0.0,57.0,57.0,57.0
2023-05,Greenwood,2,40.0,2.0,8.0,28.0,22.0,0.0,50.0,50.0,49.71
2023-05,Greenwood,3,43.0,1.0,3.0,21.0,26.0,0.0,47.0,47.0,47.0
2023-05,Greenwood,4,43.0,2.0,6.0,20.0,28.0,2.0,50.0,50.0,49.02
2023-05,Greenwood,5,36.0,3.0,9.0,19.0,28.0,1.0,48.0,48.0,47.02
2023-05,Hawthorne,K,55.0,11.0,2.0,33.0,34.0,1.0,68.0,68.0,68.0
2023-05,Hawthorne,1,45.0,8.0,6.0,27.0,31.0,0.0,58.0,58.0,58.0
2023-05,Hawthorne,2,51.0,8.0,9.0,34.0,31.0,1.0,66.0,66.0,66.0
2023-05,Hawthorne,3,34.0,11.0,8.0,27.0,24.0,1.0,52.0,52.0,52.0
2023-05,Hawthorne,4,47.0,8.0,7.0,30.0,28.0,2.0,60.0,60.0,60.0
2023-05,Hawthorne,5,36.0,13.0,10.0,32.0,22.0,0.0,54.0,54.0,54.0
2023-05,Hay,K,35.0,6.0,8.0,23.0,26.0,0.0,49.0,49.0,47.06
2023-05,Hay,1,25.0,13.0,11.0,25.0,19.0,0.0,44.0,44.0,43.04
2023-05,Hay,2,29.0,9.0,9.0,26.0,20.0,0.0,46.0,46.0,46.0
2023-05,Hay,3,27.0,12.0,13.0,29.0,20.0,0.0,49.0,49.0,49.0
2023-05,Hay,4,30.0,3.0,8.0,18.0,22.0,1.0,41.0,41.0,41.0
2023-05,Hay,5,40.0,5.0,4.0,30.0,19.0,0.0,49.0,49.0,49.0
2023-05,Highland Park,Preschool,19.0,0.0,1.0,7.0,12.0,1.0,20.0,0.0,0.0
2023-05,Highland Park,K,29.0,19.0,6.0,27.0,25.0,0.0,52.0,52.0,52.0
2023-05,Highland Park,1,30.0,9.0,3.0,20.0,21.0,0.0,41.0,41.0,41.0
2023-05,Highland Park,2,27.0,12.0,6.0,23.0,22.0,0.0,45.0,45.0,45.0
2023-05,Highland Park,3,20.0,20.0,8.0,23.0,23.0,0.0,46.0,46.0,46.0
2023-05,Highland Park,4,32.0,17.0,10.0,30.0,27.0,0.0,57.0,57.0,57.0
2023-05,Highland Park,5,23.0,13.0,10.0,25.0,18.0,0.0,43.0,43.0,43.0
2023-05,W. Seattle Elem,Preschool,26.0,0.0,8.0,16.0,18.0,0.0,34.0,0.0,0.0
2023-05,W. Seattle Elem,K,43.0,14.0,7.0,37.0,26.0,0.0,63.0,63.0,63.0
2023-05,W. Seattle Elem,1,35.0,21.0,9.0,27.0,37.0,0.0,64.0,64.0,64.0
2023-05,W. Seattle Elem,2,29.0,18.0,12.0,23.0,34.0,0.0,57.0,57.0,57.0
2023-05,W. Seattle Elem,3,19.0,25.0,10.0,31.0,20.0,0.0,51.0,51.0,51.0
2023-05,W. Seattle Elem,4,29.0,15.0,9.0,32.0,18.0,0.0,50.0,50.0,50.0
2023-05,W. Seattle Elem,5,20.0,22.0,11.0,25.0,25.0,0.0,50.0,50.0,50.0
2023-05,Lafayette,Preschool,5.0,0.0,13.0,12.0,6.0,0.0,18.0,0.0,0.0
2023-05,Lafayette,K,69.0,11.0,12.0,39.0,50.0,0.0,89.0,89.0,89.0
2023-05,Lafayette,1,73.0,1.0,7.0,32.0,49.0,0.0,81.0,81.0,81.0
2023-05,Lafayette,2,68.0,2.0,20.0,49.0,41.0,0.0,90.0,90.0,90.0
2023-05,Lafayette,3,68.0,7.0,6.0,39.0,42.0,0.0,81.0,81.0,81.0
2023-05,Lafayette,4,54.0,4.0,8.0,41.0,24.0,0.0,65.0,65.0,65.0
2023-05,Lafayette,5,55.0,3.0,11.0,33.0,34.0,1.0,68.0,68.0,68.0
2023-05,J. Stanford International,K,66.0,8.0,2.0,36.0,40.0,0.0,76.0,76.0,76.0
2023-05,J. Stanford International,1,57.0,15.0,3.0,35.0,39.0,0.0,74.0,74.0,74.0
2023-05,J. Stanford International,2,52.0,12.0,12.0,32.0,40.0,0.0,72.0,72.0,72.0
2023-05,J. Stanford International,3,58.0,5.0,5.0,32.0,35.0,1.0,68.0,68.0,68.0
2023-05,J. Stanford International,4,46.0,6.0,7.0,28.0,31.0,0.0,59.0,59.0,59.0
2023-05,J. Stanford International,5,67.0,5.0,8.0,29.0,49.0,1.0,79.0,79.0,79.0
2023-05,Laurelhurst,K,44.0,6.0,6.0,24.0,29.0,1.0,54.0,54.0,54.0
2023-05,Laurelhurst,1,34.0,8.0,11.0,26.0,23.0,1.0,50.0,50.0,50.0
2023-05,Laurelhurst,2,33.0,13.0,7.0,34.0,17.0,0.0,51.0,51.0,51.0
2023-05,Laurelhurst,3,24.0,7.0,12.0,22.0,19.0,0.0,41.0,41.0,41.0
2023-05,Laurelhurst,4,32.0,6.0,15.0,24.0,26.0,1.0,51.0,51.0,51.0
2023-05,Laurelhurst,5,22.0,4.0,11.0,26.0,10.0,0.0,36.0,36.0,35.09
2023-05,Lawton,K,50.0,3.0,4.0,23.0,34.0,0.0,57.0,57.0,57.0
2023-05,Lawton,1,43.0,7.0,8.0,33.0,25.0,0.0,58.0,58.0,58.0
2023-05,Lawton,2,43.0,6.0,10.0,25.0,34.0,0.0,59.0,59.0,59.0
2023-05,Lawton,3,49.0,2.0,7.0,31.0,26.0,0.0,57.0,57.0,57.0
2023-05,Lawton,4,43.0,3.0,9.0,29.0,26.0,0.0,55.0,55.0,55.0
2023-05,Lawton,5,35.0,2.0,11.0,17.0,30.0,0.0,47.0,47.0,47.0
2023-05,Leschi,Preschool,19.0,0.0,0.0,8.0,11.0,0.0,19.0,0.0,0.0
2023-05,Leschi,K,31.0,6.0,8.0,28.0,14.0,0.0,42.0,42.0,42.0
2023-05,Leschi,1,38.0,5.0,10.0,26.0,27.0,0.0,53.0,53.0,53.0
2023-05,Leschi,2,29.0,7.0,2.0,23.0,14.0,1.0,38.0,38.0,38.0
2023-05,Leschi,3,35.0,5.0,7.0,26.0,20.0,0.0,46.0,46.0,46.0
2023-05,Leschi,4,39.0,11.0,9.0,25.0,28.0,2.0,55.0,55.0,55.0
2023-05,Leschi,5,34.0,6.0,9.0,28.0,20.0,0.0,48.0,48.0,48.0
2023-05,Lowell,Preschool,22.0,0.0,19.0,24.0,17.0,0.0,41.0,0.0,0.0
2023-05,Lowell,K,30.0,17.0,12.0,37.0,16.0,2.0,55.0,55.0,55.0
2023-05,Lowell,1,35.0,11.0,10.0,31.0,22.0,0.0,53.0,53.0,53.0
2023-05,Lowell,2,26.0,16.0,16.0,27.0,29.0,0.0,56.0,56.0,56.0
2023-05,Lowell,3,43.0,24.0,10.0,35.0,40.0,0.0,75.0,75.0,75.0
2023-05,Lowell,4,28.0,12.0,8.0,21.0,23.0,1.0,45.0,45.0,45.0
2023-05,Lowell,5,33.0,20.0,13.0,29.0,30.0,4.0,63.0,63.0,63.0
2023-05,Loyal Heights,K,86.0,2.0,15.0,59.0,42.0,1.0,102.0,102.0,102.0
2023-05,Loyal Heights,1,86.0,1.0,10.0,45.0,51.0,0.0,96.0,96.0,96.0
2023-05,Loyal Heights,2,75.0,5.0,9.0,41.0,48.0,0.0,89.0,89.0,89.0
2023-05,Loyal Heights,3,64.0,0.0,11.0,44.0,30.0,1.0,75.0,75.0,75.0
2023-05,Loyal Heights,4,55.0,3.0,15.0,29.0,43.0,0.0,72.0,72.0,72.0
2023-05,Loyal Heights,5,54.0,1.0,11.0,29.0,37.0,0.0,66.0,66.0,66.0
2023-05,McDonald Intl,K,54.0,19.0,6.0,38.0,38.0,0.0,76.0,76.0,76.0
2023-05,McDonald Intl,1,52.0,21.0,7.0,38.0,39.0,1.0,78.0,78.0,78.0
2023-05,McDonald Intl,2,59.0,9.0,5.0,32.0,40.0,0.0,72.0,72.0,72.0
2023-05,McDonald Intl,3,56.0,22.0,13.0,44.0,45.0,0.0,89.0,89.0,89.0
2023-05,McDonald Intl,4,75.0,9.0,7.0,39.0,50.0,1.0,90.0,90.0,90.0
2023-05,McDonald Intl,5,43.0,4.0,5.0,24.0,27.0,0.0,51.0,51.0,51.0
2023-05,McGilvra,K,22.0,1.0,1.0,15.0,8.0,0.0,23.0,23.0,23.0
2023-05,McGilvra,1,50.0,0.0,6.0,35.0,21.0,0.0,56.0,56.0,56.0
2023-05,McGilvra,2,30.0,3.0,8.0,21.0,19.0,0.0,40.0,40.0,40.0
2023-05,McGilvra,3,29.0,2.0,8.0,15.0,23.0,0.0,38.0,38.0,37.01
2023-05,McGilvra,4,25.0,1.0,12.0,17.0,21.0,0.0,38.0,38.0,38.0
2023-05,McGilvra,5,19.0,4.0,4.0,12.0,14.0,0.0,26.0,26.0,26.0
2023-05,Madrona K-8,Preschool,0.0,0.0,19.0,15.0,4.0,0.0,19.0,0.0,0.0
2023-05,Madrona K-8,K,32.0,3.0,1.0,23.0,13.0,0.0,36.0,36.0,36.0
2023-05,Madrona K-8,1,35.0,4.0,2.0,20.0,21.0,0.0,41.0,41.0,41.0
2023-05,Madrona K-8,2,24.0,1.0,4.0,13.0,16.0,0.0,29.0,29.0,29.0
2023-05,Madrona K-8,3,22.0,7.0,2.0,18.0,12.0,1.0,31.0,31.0,31.0
2023-05,Madrona K-8,4,33.0,7.0,0.0,20.0,20.0,0.0,40.0,40.0,40.0
2023-05,Madrona K-8,5,28.0,3.0,4.0,14.0,20.0,0.0,34.0,34.0,34.0
2023-05,Magnolia,Preschool,26.0,0.0,10.0,21.0,15.0,0.0,36.0,0.0,0.0
2023-05,Magnolia,K,54.0,3.0,9.0,30.0,36.0,0.0,66.0,66.0,66.0
2023-05,Magnolia,1,47.0,6.0,14.0,36.0,29.0,1.0,66.0,66.0,66.0
2023-05,Magnolia,2,38.0,4.0,5.0,20.0,27.0,0.0,47.0,47.0,47.0
2023-05,Magnolia,3,39.0,13.0,5.0,33.0,22.0,0.0,55.0,55.0,55.0
2023-05,Magnolia,4,35.0,2.0,9.0,19.0,25.0,2.0,46.0,46.0,46.0
2023-05,Magnolia,5,31.0,3.0,7.0,20.0,21.0,0.0,41.0,41.0,41.0
2023-05,Dearborn Park International,Preschool,19.0,0.0,1.0,10.0,10.0,0.0,20.0,0.0,0.0
2023-05,Dearborn Park International,K,27.0,23.0,2.0,22.0,30.0,0.0,52.0,52.0,52.0
2023-05,Dearborn Park International,1,30.0,21.0,5.0,24.0,30.0,1.0,55.0,55.0,55.0
2023-05,Dearborn Park International,2,26.0,22.0,5.0,26.0,24.0,1.0,51.0,51.0,51.0
2023-05,Dearborn Park International,3,25.0,22.0,2.0,22.0,25.0,0.0,47.0,47.0,47.0
2023-05,Dearborn Park International,4,28.0,26.0,4.0,29.0,28.0,1.0,58.0,58.0,58.0
2023-05,Dearborn Park International,5,28.0,22.0,5.0,23.0,28.0,0.0,51.0,51.0,51.0
2023-05,Maple,K,32.0,28.0,13.0,26.0,40.0,0.0,66.0,66.0,66.0
2023-05,Maple,1,45.0,23.0,8.0,34.0,40.0,0.0,74.0,74.0,74.0
2023-05,Maple,2,27.0,32.0,6.0,32.0,29.0,0.0,61.0,61.0,61.0
2023-05,Maple,3,45.0,32.0,10.0,50.0,32.0,0.0,82.0,82.0,82.0
2023-05,Maple,4,29.0,38.0,6.0,41.0,30.0,0.0,71.0,71.0,71.0
2023-05,Maple,5,46.0,27.0,20.0,46.0,38.0,0.0,84.0,84.0,84.0
2023-05,Montlake,K,32.0,2.0,4.0,20.0,18.0,0.0,38.0,38.0,38.0
2023-05,Montlake,1,22.0,1.0,2.0,12.0,13.0,0.0,25.0,25.0,25.0
2023-05,Montlake,2,26.0,0.0,4.0,14.0,16.0,0.0,30.0,30.0,30.0
2023-05,Montlake,3,27.0,2.0,5.0,16.0,17.0,0.0,33.0,33.0,33.0
2023-05,Montlake,4,27.0,1.0,3.0,10.0,20.0,1.0,31.0,31.0,31.0
2023-05,Montlake,5,19.0,0.0,4.0,9.0,14.0,0.0,23.0,23.0,23.0
2023-05,John Muir,Preschool,20.0,0.0,0.0,10.0,10.0,0.0,20.0,0.0,0.0
2023-05,John Muir,K,33.0,19.0,2.0,22.0,32.0,0.0,54.0,54.0,54.0
2023-05,John Muir,1,30.0,23.0,7.0,32.0,25.0,0.0,57.0,57.0,57.0
2023-05,John Muir,2,27.0,25.0,10.0,30.0,29.0,0.0,59.0,59.0,59.0
2023-05,John Muir,3,25.0,20.0,9.0,30.0,20.0,0.0,50.0,50.0,50.0
2023-05,John Muir,4,30.0,18.0,9.0,25.0,28.0,0.0,53.0,53.0,53.0
2023-05,John Muir,5,33.0,14.0,11.0,30.0,22.0,0.0,52.0,52.0,52.0
2023-05,Northgate,Preschool,20.0,0.0,0.0,9.0,11.0,0.0,20.0,0.0,0.0
2023-05,Northgate,K,23.0,17.0,3.0,28.0,13.0,0.0,41.0,41.0,41.0
2023-05,Northgate,1,25.0,6.0,7.0,23.0,15.0,0.0,38.0,38.0,38.0
2023-05,Northgate,2,14.0,14.0,5.0,14.0,15.0,0.0,29.0,29.0,29.0
2023-05,Northgate,3,11.0,11.0,7.0,12.0,14.0,0.0,26.0,26.0,26.0
2023-05,Northgate,4,13.0,12.0,7.0,15.0,14.0,0.0,29.0,29.0,29.0
2023-05,Northgate,5,17.0,8.0,8.0,13.0,18.0,0.0,31.0,31.0,31.0
2023-05,North Beach,Preschool,1.0,0.0,17.0,14.0,4.0,0.0,18.0,0.0,0.0
2023-05,North Beach,K,43.0,2.0,9.0,33.0,21.0,0.0,54.0,54.0,54.0
2023-05,North Beach,1,54.0,4.0,11.0,33.0,36.0,0.0,69.0,69.0,69.0
2023-05,North Beach,2,41.0,4.0,7.0,31.0,20.0,0.0,51.0,51.0,51.0
2023-05,North Beach,3,41.0,4.0,9.0,22.0,29.0,0.0,51.0,51.0,51.0
2023-05,North Beach,4,51.0,5.0,15.0,33.0,36.0,0.0,69.0,69.0,69.0
2023-05,North Beach,5,44.0,2.0,10.0,28.0,26.0,0.0,54.0,54.0,54.0
2023-05,Olympic Hills,Preschool,39.0,0.0,14.0,24.0,29.0,0.0,53.0,0.0,0.0
2023-05,Olympic Hills,K,54.0,16.0,9.0,40.0,37.0,1.0,78.0,78.0,78.0
2023-05,Olympic Hills,1,45.0,26.0,9.0,39.0,39.0,0.0,78.0,78.0,78.0
2023-05,Olympic Hills,2,46.0,21.0,7.0,31.0,43.0,0.0,74.0,74.0,74.0
2023-05,Olympic Hills,3,39.0,34.0,20.0,45.0,39.0,2.0,86.0,86.0,86.0
2023-05,Olympic Hills,4,31.0,24.0,10.0,35.0,29.0,0.0,64.0,64.0,64.0
2023-05,Olympic Hills,5,41.0,15.0,11.0,34.0,32.0,0.0,66.0,66.0,66.0
2023-05,Olympic View,K,46.0,10.0,6.0,33.0,28.0,0.0,61.0,61.0,60.02
2023-05,Olympic View,1,35.0,13.0,8.0,25.0,29.0,0.0,54.0,54.0,54.0
2023-05,Olympic View,2,32.0,16.0,9.0,29.0,24.0,2.0,55.0,55.0,55.0
2023-05,Olympic View,3,31.0,28.0,21.0,36.0,37.0,2.0,75.0,75.0,73.04
2023-05,Olympic View,4,44.0,8.0,12.0,33.0,31.0,0.0,64.0,64.0,63.02
2023-05,Olympic View,5,38.0,16.0,7.0,29.0,30.0,0.0,59.0,59.0,59.0
2023-05,Rainier View,K,25.0,12.0,3.0,23.0,17.0,0.0,40.0,40.0,40.0
2023-05,Rainier View,1,23.0,12.0,2.0,19.0,18.0,0.0,37.0,37.0,37.0
2023-05,Rainier View,2,21.0,17.0,1.0,13.0,26.0,0.0,39.0,39.0,39.0
2023-05,Rainier View,3,28.0,13.0,2.0,21.0,21.0,0.0,42.0,42.0,42.0
2023-05,Rainier View,4,27.0,12.0,1.0,22.0,17.0,0.0,39.0,39.0,39.0
2023-05,Rainier View,5,18.0,12.0,1.0,11.0,20.0,0.0,31.0,31.0,31.0
2023-05,John Rogers,K,26.0,10.0,7.0,22.0,18.0,1.0,41.0,41.0,41.0
2023-05,John Rogers,1,30.0,14.0,13.0,32.0,22.0,0.0,54.0,54.0,54.0
2023-05,John Rogers,2,19.0,12.0,7.0,18.0,19.0,0.0,37.0,37.0,37.0
2023-05,John Rogers,3,29.0,11.0,7.0,22.0,22.0,1.0,45.0,45.0,45.0
2023-05,John Rogers,4,27.0,12.0,6.0,21.0,22.0,0.0,43.0,43.0,43.0
2023-05,John Rogers,5,32.0,4.0,5.0,27.0,14.0,0.0,41.0,41.0,41.0
2023-05,Roxhill,Preschool,39.0,0.0,1.0,17.0,23.0,0.0,40.0,0.0,0.0
2023-05,Roxhill,K,36.0,11.0,9.0,16.0,36.0,1.0,53.0,53.0,53.0
2023-05,Roxhill,1,36.0,6.0,9.0,21.0,29.0,0.0,50.0,50.0,50.0
2023-05,Roxhill,2,26.0,12.0,9.0,25.0,20.0,0.0,45.0,45.0,45.0
2023-05,Roxhill,3,22.0,10.0,6.0,18.0,19.0,0.0,37.0,37.0,37.0
2023-05,Roxhill,4,21.0,15.0,6.0,21.0,16.0,0.0,37.0,37.0,37.0
2023-05,Roxhill,5,20.0,9.0,3.0,12.0,17.0,1.0,30.0,30.0,29.24
2023-05,Sacajawea,Preschool,3.0,0.0,35.0,29.0,9.0,0.0,38.0,0.0,0.0
2023-05,Sacajawea,K,28.0,3.0,10.0,21.0,20.0,0.0,41.0,41.0,41.0
2023-05,Sacajawea,1,23.0,1.0,15.0,20.0,18.0,0.0,38.0,38.0,38.0
2023-05,Sacajawea,2,11.0,5.0,8.0,13.0,9.0,0.0,22.0,22.0,22.0
2023-05,Sacajawea,3,31.0,2.0,9.0,26.0,15.0,0.0,41.0,41.0,41.0
2023-05,Sacajawea,4,15.0,6.0,6.0,13.0,13.0,0.0,26.0,26.0,26.0
2023-05,Sacajawea,5,28.0,1.0,4.0,16.0,17.0,0.0,33.0,33.0,33.0
2023-05,Sand Point,Preschool,26.0,0.0,13.0,23.0,16.0,0.0,39.0,0.0,0.0
2023-05,Sand Point,K,25.0,8.0,4.0,17.0,19.0,0.0,36.0,36.0,36.0
2023-05,Sand Point,1,22.0,12.0,4.0,16.0,22.0,0.0,38.0,38.0,38.0
2023-05,Sand Point,2,19.0,3.0,5.0,16.0,11.0,0.0,27.0,27.0,27.0
2023-05,Sand Point,3,9.0,3.0,4.0,9.0,7.0,0.0,16.0,16.0,16.0
2023-05,Sand Point,4,13.0,6.0,5.0,11.0,13.0,0.0,24.0,24.0,24.0
2023-05,Sand Point,5,16.0,6.0,6.0,17.0,8.0,0.0,25.0,25.0,25.0
2023-05,Genessee Hill,K,54.0,4.0,5.0,39.0,24.0,0.0,63.0,63.0,63.0
2023-05,Genessee Hill,1,73.0,3.0,12.0,39.0,49.0,0.0,88.0,88.0,88.0
2023-05,Genessee Hill,2,60.0,1.0,15.0,35.0,41.0,0.0,76.0,76.0,76.0
2023-05,Genessee Hill,3,66.0,3.0,18.0,46.0,41.0,0.0,87.0,87.0,87.0
2023-05,Genessee Hill,4,75.0,4.0,17.0,46.0,48.0,0.0,94.0,94.0,94.0
2023-05,Genessee Hill,5,83.0,3.0,23.0,51.0,54.0,2.0,107.0,107.0,107.0
2023-05,Stevens,K,18.0,3.0,3.0,10.0,14.0,0.0,24.0,24.0,24.0
2023-05,Stevens,1,24.0,3.0,6.0,17.0,15.0,0.0,32.0,32.0,31.01
2023-05,Stevens,2,16.0,2.0,9.0,16.0,10.0,0.0,26.0,26.0,24.18
2023-05,Stevens,3,28.0,2.0,4.0,15.0,18.0,0.0,33.0,33.0,33.0
2023-05,Stevens,4,18.0,3.0,5.0,15.0,10.0,1.0,26.0,26.0,25.01
2023-05,Stevens,5,22.0,1.0,9.0,17.0,13.0,1.0,31.0,31.0,30.14
2023-05,Sanislo,K,21.0,8.0,2.0,19.0,12.0,0.0,31.0,31.0,31.0
2023-05,Sanislo,1,16.0,9.0,6.0,15.0,15.0,1.0,31.0,31.0,31.0
2023-05,Sanislo,2,14.0,8.0,1.0,10.0,12.0,1.0,23.0,23.0,23.0
2023-05,Sanislo,3,17.0,11.0,9.0,17.0,17.0,0.0,34.0,34.0,34.0
2023-05,Sanislo,4,11.0,17.0,8.0,17.0,16.0,0.0,33.0,33.0,33.0
2023-05,Sanislo,5,13.0,11.0,9.0,14.0,14.0,0.0,28.0,28.0,28.0
2023-05,Rising Star,Preschool,23.0,0.0,11.0,19.0,15.0,0.0,34.0,0.0,0.0
2023-05,Rising Star,K,23.0,36.0,14.0,36.0,31.0,0.0,67.0,67.0,67.0
2023-05,Rising Star,1,15.0,30.0,5.0,28.0,20.0,0.0,48.0,48.0,48.0
2023-05,Rising Star,2,23.0,22.0,11.0,24.0,27.0,0.0,51.0,51.0,51.0
2023-05,Rising Star,3,20.0,23.0,9.0,21.0,28.0,0.0,49.0,49.0,49.0
2023-05,Rising Star,4,22.0,25.0,9.0,33.0,19.0,0.0,52.0,52.0,52.0
2023-05,Rising Star,5,15.0,22.0,9.0,22.0,18.0,0.0,40.0,40.0,40.0
2023-05,Viewlands,K,30.0,8.0,2.0,18.0,22.0,0.0,40.0,40.0,40.0
2023-05,Viewlands,1,27.0,9.0,8.0,20.0,21.0,0.0,41.0,41.0,41.0
2023-05,Viewlands,2,38.0,9.0,8.0,24.0,30.0,0.0,54.0,54.0,54.0
2023-05,Viewlands,3,20.0,9.0,7.0,18.0,16.0,0.0,34.0,34.0,34.0
2023-05,Viewlands,4,29.0,6.0,11.0,23.0,22.0,0.0,45.0,45.0,45.0
2023-05,Viewlands,5,34.0,17.0,13.0,31.0,25.0,0.0,56.0,56.0,56.0
2023-05,View Ridge,K,45.0,3.0,1.0,31.0,18.0,0.0,49.0,49.0,49.0
2023-05,View Ridge,1,39.0,4.0,11.0,29.0,24.0,0.0,53.0,53.0,53.0
2023-05,View Ridge,2,41.0,2.0,8.0,28.0,21.0,0.0,49.0,49.0,49.0
2023-05,View Ridge,3,29.0,2.0,9.0,19.0,20.0,0.0,39.0,39.0,39.0
2023-05,View Ridge,4,47.0,1.0,5.0,27.0,25.0,1.0,53.0,53.0,52.5
2023-05,View Ridge,5,52.0,6.0,10.0,36.0,29.0,0.0,65.0,65.0,65.0
2023-05,Wedgwood,K,40.0,5.0,1.0,17.0,29.0,0.0,46.0,46.0,46.0
2023-05,Wedgwood,1,50.0,6.0,5.0,36.0,25.0,0.0,61.0,61.0,61.0
2023-05,Wedgwood,2,49.0,5.0,7.0,27.0,33.0,1.0,61.0,61.0,61.0
2023-05,Wedgwood,3,49.0,3.0,8.0,27.0,32.0,0.0,59.0,59.0,59.0
2023-05,Wedgwood,4,53.0,3.0,6.0,27.0,35.0,0.0,62.0,62.0,62.0
2023-05,Wedgwood,5,60.0,3.0,9.0,34.0,37.0,0.0,71.0,71.0,71.0
2023-05,West Woodland,K,49.0,2.0,7.0,26.0,32.0,0.0,58.0,58.0,58.0
2023-05,West Woodland,1,57.0,2.0,16.0,43.0,32.0,0.0,75.0,75.0,74.02
2023-05,West Woodland,2,60.0,1.0,3.0,31.0,32.0,1.0,64.0,64.0,64.0
2023-05,West Woodland,3,52.0,2.0,13.0,37.0,29.0,0.0,66.0,66.0,66.0
2023-05,West Woodland,4,48.0,0.0,19.0,37.0,29.0,1.0,67.0,67.0,67.0
2023-05,West Woodland,5,54.0,1.0,15.0,29.0,40.0,1.0,70.0,70.0,70.0
2023-05,Whittier,K,44.0,3.0,6.0,24.0,29.0,0.0,53.0,53.0,52.01
2023-05,Whittier,1,52.0,3.0,15.0,40.0,30.0,0.0,70.0,70.0,70.0
2023-05,Whittier,2,52.0,0.0,12.0,34.0,30.0,0.0,64.0,64.0,64.0
2023-05,Whittier,3,50.0,3.0,12.0,32.0,32.0,0.0,64.0,64.0,64.0
2023-05,Whittier,4,36.0,1.0,12.0,23.0,26.0,0.0,49.0,49.0,49.0
2023-05,Whittier,5,56.0,2.0,7.0,29.0,36.0,0.0,65.0,65.0,65.0
2023-05,Wing Luke,Preschool,19.0,0.0,15.0,18.0,16.0,0.0,34.0,0.0,0.0
2023-05,Wing Luke,K,24.0,15.0,9.0,25.0,22.0,0.0,47.0,47.0,47.0
2023-05,Wing Luke,1,27.0,18.0,9.0,21.0,28.0,0.0,49.0,49.0,49.0
2023-05,Wing Luke,2,22.0,17.0,7.0,20.0,23.0,0.0,43.0,43.0,43.0
2023-05,Wing Luke,3,11.0,23.0,7.0,17.0,21.0,0.0,38.0,38.0,38.0
2023-05,Wing Luke,4,35.0,21.0,9.0,28.0,30.0,0.0,58.0,58.0,58.0
2023-05,Wing Luke,5,33.0,16.0,5.0,28.0,25.0,0.0,53.0,53.0,53.0
2023-05,Decatur,1,25.0,0.0,2.0,9.0,18.0,0.0,27.0,27.0,27.0
2023-05,Decatur,2,26.0,0.0,2.0,15.0,13.0,0.0,28.0,28.0,28.0
2023-05,Decatur,3,42.0,1.0,5.0,28.0,20.0,0.0,48.0,48.0,48.0
2023-05,Decatur,4,48.0,0.0,8.0,34.0,22.0,0.0,56.0,56.0,56.0
2023-05,Decatur,5,45.0,0.0,4.0,27.0,22.0,0.0,49.0,49.0,49.0
2023-05,Kimball,K,46.0,12.0,7.0,31.0,31.0,0.0,62.0,62.0,62.0
2023-05,Kimball,1,39.0,14.0,14.0,33.0,30.0,1.0,64.0,64.0,64.0
2023-05,Kimball,2,34.0,23.0,13.0,33.0,32.0,0.0,65.0,65.0,65.0
2023-05,Kimball,3,39.0,28.0,10.0,31.0,40.0,1.0,72.0,72.0,72.0
2023-05,Kimball,4,31.0,13.0,11.0,26.0,27.0,0.0,53.0,53.0,53.0
2023-05,Kimball,5,31.0,16.0,20.0,32.0,26.0,1.0,59.0,59.0,59.0
2023-05,Catharine Blaine K-8,K,44.0,1.0,6.0,24.0,26.0,1.0,51.0,51.0,49.52
2023-05,Catharine Blaine K-8,1,43.0,1.0,5.0,23.0,26.0,0.0,49.0,49.0,49.0
2023-05,Catharine Blaine K-8,2,35.0,1.0,13.0,28.0,21.0,0.0,49.0,49.0,48.02
2023-05,Catharine Blaine K-8,3,38.0,2.0,5.0,22.0,23.0,0.0,45.0,45.0,45.0
2023-05,Catharine Blaine K-8,4,35.0,2.0,9.0,18.0,28.0,0.0,46.0,46.0,45.02
2023-05,Catharine Blaine K-8,5,34.0,1.0,8.0,25.0,18.0,0.0,43.0,43.0,43.0
2023-05,Catharine Blaine K-8,6,33.0,4.0,17.0,29.0,24.0,0.0,53.0,53.0,52.01
2023-05,Catharine Blaine K-8,7,46.0,4.0,8.0,29.0,28.0,0.0,57.0,57.0,57.0
2023-05,Catharine Blaine K-8,8,56.0,4.0,9.0,38.0,28.0,1.0,67.0,67.0,67.0
2023-05,South Shore PK-8,Preschool,40.0,0.0,11.0,28.0,23.0,0.0,51.0,0.0,0.0
2023-05,South Shore PK-8,K,43.0,5.0,9.0,33.0,22.0,0.0,55.0,55.0,55.0
2023-05,South Shore PK-8,1,37.0,13.0,8.0,27.0,30.0,0.0,57.0,57.0,57.0
2023-05,South Shore PK-8,2,41.0,10.0,8.0,27.0,30.0,0.0,57.0,57.0,57.0
2023-05,South Shore PK-8,3,32.0,18.0,9.0,29.0,29.0,0.0,58.0,58.0,58.0
2023-05,South Shore PK-8,4,34.0,17.0,13.0,34.0,30.0,0.0,64.0,64.0,64.0
2023-05,South Shore PK-8,5,32.0,12.0,7.0,20.0,30.0,1.0,51.0,51.0,51.0
2023-05,South Shore PK-8,6,39.0,24.0,5.0,39.0,28.0,0.0,67.0,67.0,67.0
2023-05,South Shore PK-8,7,41.0,17.0,14.0,41.0,30.0,0.0,71.0,71.0,71.0
2023-05,South Shore PK-8,8,45.0,18.0,11.0,42.0,30.0,1.0,73.0,73.0,73.0
2023-05,Hazel Wolf K-8,K,58.0,13.0,5.0,27.0,49.0,0.0,76.0,76.0,76.0
2023-05,Hazel Wolf K-8,1,57.0,14.0,7.0,38.0,38.0,0.0,76.0,76.0,76.0
2023-05,Hazel Wolf K-8,2,55.0,8.0,9.0,40.0,31.0,0.0,71.0,71.0,71.0
2023-05,Hazel Wolf K-8,3,45.0,19.0,16.0,40.0,37.0,0.0,77.0,77.0,77.0
2023-05,Hazel Wolf K-8,4,60.0,12.0,8.0,29.0,48.0,1.0,78.0,78.0,78.0
2023-05,Hazel Wolf K-8,5,63.0,9.0,12.0,41.0,39.0,2.0,82.0,82.0,82.0
2023-05,Hazel Wolf K-8,6,67.0,7.0,12.0,53.0,30.0,1.0,84.0,84.0,84.0
2023-05,Hazel Wolf K-8,7,71.0,8.0,7.0,43.0,42.0,1.0,86.0,86.0,85.04
2023-05,Hazel Wolf K-8,8,72.0,4.0,8.0,46.0,36.0,1.0,83.0,83.0,83.0
2023-05,Bridges Transition,12,0.0,27.0,123.0,85.0,38.0,0.0,123.0,123.0,123.0
2023-05,Interagency,6,1.0,0.0,0.0,1.0,0.0,0.0,1.0,1.0,1.0
2023-05,Interagency,8,2.0,0.0,0.0,1.0,1.0,0.0,2.0,2.0,2.0
2023-05,Interagency,9,10.0,0.0,7.0,5.0,12.0,0.0,17.0,17.0,16.22
2023-05,Interagency,10,44.0,8.0,24.0,21.0,52.0,0.0,73.0,73.0,70.54
2023-05,Interagency,11,60.0,13.0,23.0,36.0,53.0,3.0,92.0,92.0,89.11
2023-05,Interagency,12,71.0,15.0,42.0,63.0,55.0,1.0,119.0,119.0,116.32
2023-05,Exp Ed Unit,Preschool,2.0,0.0,29.0,22.0,9.0,0.0,31.0,0.0,0.0
2023-05,Exp Ed Unit,K,0.0,0.0,16.0,12.0,4.0,0.0,16.0,16.0,16.0
2023-05,Non-Public Agencies,Preschool,1.0,0.0,13.0,4.0,9.0,1.0,14.0,0.0,0.0
2023-05,Non-Public Agencies,K,0.0,0.0,1.0,0.0,1.0,0.0,1.0,1.0,1.0
2023-05,Non-Public Agencies,1,1.0,0.0,1.0,1.0,1.0,0.0,2.0,2.0,2.0
2023-05,Non-Public Agencies,2,0.0,0.0,3.0,3.0,0.0,0.0,3.0,3.0,3.0
2023-05,Non-Public Agencies,3,0.0,0.0,4.0,3.0,1.0,0.0,4.0,4.0,4.0
2023-05,Non-Public Agencies,4,0.0,0.0,2.0,1.0,1.0,0.0,2.0,2.0,2.0
2023-05,Non-Public Agencies,5,1.0,0.0,5.0,3.0,3.0,0.0,6.0,6.0,6.0
2023-05,Non-Public Agencies,6,1.0,0.0,5.0,5.0,1.0,0.0,6.0,6.0,6.0
2023-05,Non-Public Agencies,7,1.0,0.0,11.0,7.0,4.0,1.0,12.0,12.0,12.0
2023-05,Non-Public Agencies,8,1.0,0.0,9.0,5.0,5.0,0.0,10.0,10.0,10.0
2023-05,Non-Public Agencies,9,1.0,0.0,7.0,5.0,3.0,0.0,8.0,8.0,7.72
2023-05,Non-Public Agencies,10,2.0,0.0,16.0,11.0,4.0,3.0,18.0,18.0,18.0
2023-05,Non-Public Agencies,11,3.0,0.0,12.0,7.0,8.0,0.0,15.0,15.0,15.0
2023-05,Non-Public Agencies,12,1.0,1.0,11.0,5.0,7.0,0.0,12.0,12.0,12.0
2023-05,Interagency Open Doors Program,10,1.0,1.0,1.0,1.0,1.0,1.0,3.0,0.0,0.0
2023-05,Interagency Open Doors Program,11,6.0,2.0,4.0,6.0,5.0,0.0,11.0,0.0,0.0
2023-05,Interagency Open Doors Program,12,22.0,2.0,6.0,17.0,11.0,2.0,30.0,0.0,0.0
2023-05,LCS Open Doors Program,9,1.0,0.0,0.0,1.0,0.0,0.0,1.0,0.0,0.0
2023-05,LCS Open Doors Program,10,1.0,0.0,0.0,0.0,1.0,0.0,1.0,0.0,0.0
2023-05,LCS Open Doors Program,11,15.0,1.0,0.0,9.0,5.0,2.0,16.0,0.0,0.0
2023-05,LCS Open Doors Program,12,64.0,5.0,8.0,40.0,29.0,8.0,77.0,0.0,0.0
2023-05,Special Ed Private Svcs,Preschool,0.0,0.0,141.0,93.0,48.0,0.0,141.0,0.0,0.0
2023-05,Middle College,9,18.0,0.0,3.0,10.0,9.0,2.0,21.0,21.0,21.0
2023-05,Middle College,10,18.0,0.0,2.0,10.0,9.0,1.0,20.0,20.0,19.95
2023-05,Middle College,11,21.0,1.0,1.0,7.0,15.0,1.0,23.0,23.0,6.9
2023-05,Middle College,12,31.0,1.0,1.0,9.0,20.0,4.0,33.0,33.0,8.22
2023-05,Pathfinder K-8,K,40.0,3.0,10.0,27.0,24.0,0.0,51.0,51.0,51.0
2023-05,Pathfinder K-8,1,49.0,1.0,4.0,23.0,31.0,0.0,54.0,54.0,54.0
2023-05,Pathfinder K-8,2,41.0,0.0,11.0,26.0,26.0,0.0,52.0,52.0,52.0
2023-05,Pathfinder K-8,3,33.0,1.0,12.0,19.0,26.0,1.0,46.0,46.0,46.0
2023-05,Pathfinder K-8,4,42.0,0.0,15.0,25.0,29.0,3.0,57.0,57.0,57.0
2023-05,Pathfinder K-8,5,37.0,2.0,14.0,25.0,27.0,0.0,52.0,52.0,52.0
2023-05,Pathfinder K-8,6,50.0,2.0,10.0,34.0,26.0,0.0,60.0,60.0,60.0
2023-05,Pathfinder K-8,7,38.0,1.0,8.0,15.0,28.0,3.0,46.0,46.0,46.0
2023-05,Pathfinder K-8,8,33.0,1.0,9.0,20.0,20.0,3.0,43.0,43.0,43.0
2023-05,TOPS K-8,K,35.0,10.0,5.0,24.0,23.0,0.0,47.0,47.0,46.23
2023-05,TOPS K-8,1,35.0,9.0,7.0,23.0,27.0,0.0,50.0,50.0,49.04
2023-05,TOPS K-8,2,32.0,6.0,9.0,23.0,20.0,0.0,43.0,43.0,43.0
2023-05,TOPS K-8,3,34.0,9.0,8.0,26.0,23.0,0.0,49.0,49.0,49.0
2023-05,TOPS K-8,4,39.0,12.0,11.0,35.0,22.0,0.0,57.0,57.0,57.0
2023-05,TOPS K-8,5,36.0,4.0,14.0,25.0,28.0,1.0,54.0,54.0,54.0
2023-05,TOPS K-8,6,41.0,3.0,15.0,30.0,28.0,0.0,58.0,58.0,58.0
2023-05,TOPS K-8,7,51.0,2.0,7.0,28.0,32.0,0.0,60.0,60.0,59.88
2023-05,TOPS K-8,8,47.0,2.0,9.0,22.0,35.0,1.0,58.0,58.0,58.0
2023-05,ORCA K-8,K,43.0,9.0,0.0,27.0,25.0,0.0,52.0,52.0,52.0
2023-05,ORCA K-8,1,38.0,8.0,5.0,28.0,20.0,1.0,49.0,49.0,49.0
2023-05,ORCA K-8,2,30.0,5.0,5.0,21.0,19.0,0.0,40.0,40.0,40.0
2023-05,ORCA K-8,3,40.0,7.0,3.0,23.0,27.0,0.0,50.0,50.0,50.0
2023-05,ORCA K-8,4,31.0,4.0,6.0,21.0,19.0,1.0,41.0,41.0,41.0
2023-05,ORCA K-8,5,39.0,6.0,6.0,20.0,29.0,1.0,50.0,50.0,50.0
2023-05,ORCA K-8,6,18.0,17.0,3.0,19.0,17.0,0.0,36.0,36.0,36.0
2023-05,ORCA K-8,7,26.0,5.0,3.0,21.0,12.0,1.0,34.0,34.0,34.0
2023-05,ORCA K-8,8,26.0,7.0,6.0,18.0,18.0,0.0,36.0,36.0,36.0
2023-05,Cascade Parent Ptr Prg,K,10.0,1.0,1.0,7.0,5.0,0.0,12.0,12.0,11.5
2023-05,Cascade Parent Ptr Prg,1,22.0,4.0,5.0,13.0,16.0,1.0,30.0,30.0,29.0
2023-05,Cascade Parent Ptr Prg,2,21.0,2.0,2.0,10.0,14.0,1.0,25.0,25.0,25.0
2023-05,Cascade Parent Ptr Prg,3,20.0,0.0,4.0,13.0,10.0,1.0,24.0,24.0,24.0
2023-05,Cascade Parent Ptr Prg,4,18.0,3.0,6.0,12.0,14.0,1.0,27.0,27.0,27.0
2023-05,Cascade Parent Ptr Prg,5,23.0,2.0,7.0,20.0,12.0,0.0,32.0,32.0,31.72
2023-05,Cascade Parent Ptr Prg,6,20.0,3.0,11.0,22.0,11.0,1.0,34.0,34.0,33.3
2023-05,Cascade Parent Ptr Prg,7,25.0,7.0,17.0,27.0,18.0,4.0,49.0,49.0,48.8
2023-05,Cascade Parent Ptr Prg,8,34.0,8.0,12.0,30.0,19.0,2.0,51.0,51.0,50.72
2023-05,Cascade Parent Ptr Prg,9,27.0,5.0,6.0,15.0,21.0,1.0,37.0,37.0,37.0
2023-05,Cascade Parent Ptr Prg,10,34.0,5.0,10.0,21.0,26.0,1.0,48.0,48.0,48.0
2023-05,Cascade Parent Ptr Prg,11,23.0,9.0,7.0,15.0,22.0,1.0,38.0,38.0,38.0
2023-05,Cascade Parent Ptr Prg,12,26.0,2.0,10.0,16.0,21.0,0.0,37.0,37.0,37.0
2023-05,Salmon Bay K-8,K,48.0,0.0,3.0,22.0,29.0,0.0,51.0,51.0,51.0
2023-05,Salmon Bay K-8,1,41.0,3.0,7.0,25.0,26.0,0.0,51.0,51.0,51.0
2023-05,Salmon Bay K-8,2,43.0,0.0,10.0,27.0,26.0,0.0,53.0,53.0,53.0
2023-05,Salmon Bay K-8,3,37.0,0.0,11.0,29.0,18.0,1.0,48.0,48.0,48.0
2023-05,Salmon Bay K-8,4,38.0,1.0,13.0,27.0,23.0,2.0,52.0,52.0,52.0
2023-05,Salmon Bay K-8,5,37.0,2.0,17.0,32.0,23.0,1.0,56.0,56.0,56.0
2023-05,Salmon Bay K-8,6,91.0,0.0,27.0,61.0,54.0,3.0,118.0,118.0,118.0
2023-05,Salmon Bay K-8,7,86.0,1.0,29.0,64.0,42.0,9.0,115.0,115.0,115.0
2023-05,Salmon Bay K-8,8,94.0,1.0,22.0,60.0,54.0,3.0,117.0,117.0,116.52
2023-05,Licton Springs K-8,Preschool,7.0,0.0,11.0,8.0,10.0,0.0,18.0,0.0,0.0
2023-05,Licton Springs K-8,K,6.0,0.0,2.0,4.0,3.0,1.0,8.0,8.0,8.0
2023-05,Licton Springs K-8,1,8.0,0.0,4.0,10.0,2.0,0.0,12.0,12.0,12.0
2023-05,Licton Springs K-8,2,7.0,1.0,2.0,5.0,5.0,0.0,10.0,10.0,10.0
2023-05,Licton Springs K-8,3,7.0,2.0,1.0,3.0,6.0,0.0,9.0,9.0,9.0
2023-05,Licton Springs K-8,4,3.0,2.0,1.0,4.0,1.0,0.0,5.0,5.0,5.0
2023-05,Licton Springs K-8,5,6.0,6.0,9.0,11.0,9.0,1.0,21.0,21.0,21.0
2023-05,Licton Springs K-8,6,3.0,1.0,4.0,7.0,1.0,0.0,8.0,8.0,8.0
2023-05,Licton Springs K-8,7,14.0,2.0,4.0,8.0,11.0,0.0,19.0,19.0,19.0
2023-05,Licton Springs K-8,8,6.0,1.0,4.0,3.0,7.0,0.0,10.0,10.0,10.0
2023-05,Alan T. Sugiyama,9,6.0,1.0,3.0,4.0,6.0,0.0,10.0,10.0,9.89
2023-05,Alan T. Sugiyama,10,9.0,2.0,3.0,4.0,9.0,0.0,13.0,13.0,11.54
2023-05,Alan T. Sugiyama,11,5.0,0.0,1.0,1.0,5.0,0.0,6.0,6.0,5.71
2023-05,Alan T. Sugiyama,12,9.0,3.0,4.0,8.0,7.0,0.0,15.0,15.0,10.32
2023-05,Cascadia,Preschool,34.0,0.0,0.0,16.0,18.0,0.0,34.0,0.0,0.0
2023-05,Cascadia,1,39.0,1.0,7.0,26.0,21.0,0.0,47.0,47.0,47.0
2023-05,Cascadia,2,72.0,1.0,6.0,40.0,38.0,1.0,79.0,79.0,79.0
2023-05,Cascadia,3,91.0,2.0,11.0,65.0,39.0,0.0,104.0,104.0,104.0
2023-05,Cascadia,4,97.0,1.0,15.0,63.0,50.0,0.0,113.0,113.0,113.0
2023-05,Cascadia,5,119.0,0.0,9.0,68.0,60.0,0.0,128.0,128.0,128.0
2023-05,K-8 STEM,Preschool,12.0,0.0,6.0,6.0,12.0,0.0,18.0,0.0,0.0
2023-05,K-8 STEM,K,45.0,5.0,5.0,30.0,23.0,0.0,53.0,53.0,53.0
2023-05,K-8 STEM,1,38.0,6.0,8.0,32.0,20.0,0.0,52.0,52.0,52.0
2023-05,K-8 STEM,2,38.0,5.0,6.0,29.0,20.0,0.0,49.0,49.0,49.0
2023-05,K-8 STEM,3,33.0,6.0,12.0,28.0,23.0,0.0,51.0,51.0,51.0
2023-05,K-8 STEM,4,39.0,6.0,6.0,22.0,28.0,0.0,50.0,50.0,50.0
2023-05,K-8 STEM,5,35.0,10.0,9.0,34.0,20.0,0.0,54.0,54.0,54.0
2023-05,K-8 STEM,6,33.0,6.0,15.0,27.0,24.0,0.0,51.0,51.0,51.0
2023-05,K-8 STEM,7,38.0,3.0,13.0,29.0,24.0,1.0,54.0,54.0,53.27
2023-05,K-8 STEM,8,37.0,8.0,11.0,40.0,16.0,0.0,56.0,56.0,53.2
2023-05,Queen Anne,K,31.0,2.0,5.0,19.0,18.0,0.0,37.0,37.0,37.0
2023-05,Queen Anne,1,31.0,3.0,3.0,20.0,16.0,0.0,36.0,36.0,36.0
2023-05,Queen Anne,2,26.0,2.0,7.0,18.0,16.0,0.0,34.0,34.0,34.0
2023-05,Queen Anne,3,22.0,2.0,5.0,15.0,14.0,0.0,29.0,29.0,29.0
2023-05,Queen Anne,4,23.0,1.0,13.0,18.0,18.0,1.0,37.0,37.0,37.0
2023-05,Queen Anne,5,25.0,1.0,1.0,13.0,14.0,0.0,27.0,27.0,27.0
2023-05,Thornton Creek,Preschool,23.0,0.0,13.0,20.0,16.0,0.0,36.0,0.0,0.0
2023-05,Thornton Creek,K,64.0,4.0,7.0,41.0,33.0,0.0,74.0,74.0,74.0
2023-05,Thornton Creek,1,54.0,7.0,9.0,35.0,34.0,1.0,70.0,70.0,70.0
2023-05,Thornton Creek,2,44.0,8.0,13.0,34.0,27.0,1.0,62.0,62.0,62.0
2023-05,Thornton Creek,3,45.0,5.0,13.0,30.0,32.0,0.0,62.0,62.0,62.0
2023-05,Thornton Creek,4,59.0,5.0,16.0,39.0,39.0,0.0,78.0,78.0,78.0
2023-05,Thornton Creek,5,49.0,4.0,21.0,38.0,36.0,0.0,74.0,74.0,74.0
2023-05,Seattle World School,8,0.0,3.0,0.0,3.0,0.0,0.0,3.0,3.0,3.0
2023-05,Seattle World School,9,0.0,20.0,0.0,11.0,9.0,0.0,20.0,20.0,20.0
2023-05,Seattle World School,10,2.0,62.0,0.0,46.0,18.0,0.0,64.0,64.0,63.7
2023-05,Seattle World School,11,0.0,55.0,2.0,40.0,15.0,0.0,55.0,55.0,53.76
2023-05,Seattle World School,12,0.0,72.0,2.0,46.0,26.0,0.0,72.0,72.0,61.79
2023-05,District Total,Preschool,690.0,0.0,574.0,695.0,566.0,3.0,1264.0,0.0,0.0
2023-05,District Total,K,2928.0,686.0,431.0,1987.0,1953.0,16.0,3956.0,3956.0,3947.89
2023-05,District Total,1,2919.0,714.0,535.0,2052.0,2018.0,14.0,4084.0,4084.0,4079.11
2023-05,District Total,2,2593.0,690.0,591.0,1899.0,1857.0,14.0,3770.0,3770.0,3765.08
2023-05,District Total,3,2691.0,792.0,696.0,2124.0,1907.0,20.0,4051.0,4051.0,4048.05
2023-05,District Total,4,2755.0,706.0,668.0,2024.0,1961.0,31.0,4016.0,4016.0,4010.62
2023-05,District Total,5,2774.0,570.0,686.0,1965.0,1922.0,28.0,3915.0,3915.0,3910.29
2023-05,District Total,6,2595.0,476.0,624.0,1860.0,1680.0,38.0,3578.0,3578.0,3575.41
2023-05,District Total,7,2754.0,439.0,520.0,1865.0,1700.0,59.0,3624.0,3624.0,3616.73
2023-05,District Total,8,2947.0,416.0,574.0,2013.0,1753.0,64.0,3830.0,3830.0,3815.17
2023-05,District Total,9,2972.0,372.0,562.0,1966.0,1748.0,84.0,3798.0,3797.0,3788.28
2023-05,District Total,10,3119.0,432.0,565.0,2136.0,1811.0,86.0,4033.0,4029.0,4004.27
2023-05,District Total,11,2998.0,425.0,485.0,1909.0,1840.0,69.0,3818.0,3627.0,3352.78
2023-05,District Total,12,3220.0,508.0,633.0,2249.0,1935.0,64.0,4248.0,3810.0,3345.39
